{
    "root_group": {
        "groups": {},
        "checks": {
                "is status 200": {
                    "name": "is status 200",
                    "path": "::is status 200",
                    "id": "548d37ca5f33793206f7832e7cea54fb",
                    "passes": 1568,
                    "fails": 16813
                }
            },
        "name": "",
        "path": "",
        "id": "d41d8cd98f00b204e9800998ecf8427e"
    },
    "metrics": {
        "http_req_waiting": {
            "avg": 39.85150012197964,
            "min": 0,
            "med": 2.935474,
            "max": 550.461891,
            "p(90)": 26.14432780000003,
            "p(95)": 499.96386875
        },
        "http_req_receiving": {
            "avg": 0.031527329853751625,
            "min": 0,
            "med": 0,
            "max": 19.718883,
            "p(90)": 0.025672700000000135,
            "p(95)": 0.059592650000000025
        },
        "http_req_failed": {
            "passes": 17304,
            "fails": 1568,
            "value": 0.9169139465875371
        },
        "vus": {
            "value": 1000,
            "min": 1000,
            "max": 1000
        },
        "http_req_tls_handshaking": {
            "p(90)": 0,
            "p(95)": 0,
            "avg": 0,
            "min": 0,
            "med": 0,
            "max": 0
        },
        "vus_max": {
            "value": 1000,
            "min": 1000,
            "max": 1000
        },
        "http_req_sending": {
            "avg": 0.6437843764306889,
            "min": 0,
            "med": 0.07272999999999999,
            "max": 36.034862,
            "p(90)": 0.8716436000000014,
            "p(95)": 1.9459750500000024
        },
        "http_req_duration": {
            "avg": 40.52681182826417,
            "min": 0,
            "med": 3.200885,
            "max": 568.940447,
            "p(90)": 30.875032900000008,
            "p(95)": 502.9176566
        },
        "http_req_connecting": {
            "max": 129.890477,
            "p(90)": 1.5886828000000004,
            "p(95)": 6.654163700000059,
            "avg": 2.265428243800337,
            "min": 0,
            "med": 0.098898
        },
        "iterations": {
            "count": 18381,
            "rate": 10223.929423696232
        },
        "data_sent": {
            "count": 1536375,
            "rate": 854566.6486225612
        },
        "http_req_blocked": {
            "min": 0.000974,
            "med": 0.156034,
            "max": 130.003384,
            "p(90)": 2.005951400000003,
            "p(95)": 8.731048750000026,
            "avg": 2.454815571428559
        },
        "iteration_duration": {
            "avg": 81.37939537054554,
            "min": 0.246213,
            "med": 51.675562,
            "max": 620.667708,
            "p(90)": 125.775217,
            "p(95)": 506.503151
        },
        "http_req_duration{expected_response:true}": {
            "p(95)": 539.6757312,
            "avg": 435.22054725318907,
            "min": 51.607744,
            "med": 510.8050085,
            "max": 568.940447,
            "p(90)": 533.3807004
        },
        "checks": {
            "passes": 1568,
            "fails": 16813,
            "value": 0.08530547848321636
        },
        "data_received": {
            "rate": 583769.6277898258,
            "count": 1049525
        },
        "http_reqs": {
            "count": 18872,
            "rate": 10497.034768728323
        }
    }
}