{
    "root_group": {
        "groups": {},
        "checks": {
                "is status 200": {
                    "name": "is status 200",
                    "path": "::is status 200",
                    "id": "548d37ca5f33793206f7832e7cea54fb",
                    "passes": 12553,
                    "fails": 0
                }
            },
        "name": "",
        "path": "",
        "id": "d41d8cd98f00b204e9800998ecf8427e"
    },
    "metrics": {
        "http_req_receiving": {
            "min": 0.011485,
            "med": 0.036542,
            "max": 7.973779,
            "p(90)": 0.06622060000000002,
            "p(95)": 0.08025239999999997,
            "avg": 0.04531829578586807
        },
        "http_req_failed": {
            "passes": 0,
            "fails": 12553,
            "value": 0
        },
        "http_req_connecting": {
            "avg": 0.10870087030988608,
            "min": 0,
            "med": 0,
            "max": 42.297657,
            "p(90)": 0,
            "p(95)": 0
        },
        "http_req_tls_handshaking": {
            "avg": 0,
            "min": 0,
            "med": 0,
            "max": 0,
            "p(90)": 0,
            "p(95)": 0
        },
        "checks": {
            "passes": 12553,
            "fails": 0,
            "value": 1
        },
        "http_req_duration": {
            "med": 80.292648,
            "max": 153.844087,
            "p(90)": 106.08919320000001,
            "p(95)": 114.9311988,
            "avg": 79.39763783756858,
            "min": 4.631641
        },
        "data_received": {
            "rate": 595377.8087131963,
            "count": 3012720
        },
        "http_reqs": {
            "count": 12553,
            "rate": 2480.740869638318
        },
        "http_req_waiting": {
            "med": 80.222288,
            "max": 153.795973,
            "p(90)": 106.0184504,
            "p(95)": 114.88403439999999,
            "avg": 79.30655326957685,
            "min": 4.572152
        },
        "data_sent": {
            "count": 1004240,
            "rate": 198459.26957106544
        },
        "iterations": {
            "count": 12553,
            "rate": 2480.740869638318
        },
        "iteration_duration": {
            "p(95)": 115.1142596,
            "avg": 79.6269902009081,
            "min": 4.791941,
            "med": 80.452676,
            "max": 154.011077,
            "p(90)": 106.46771820000004
        },
        "http_req_sending": {
            "min": 0.003628,
            "med": 0.010025,
            "max": 82.248859,
            "p(90)": 0.0192528,
            "p(95)": 0.023869199999999997,
            "avg": 0.045766272205846996
        },
        "http_req_blocked": {
            "avg": 0.12516674595714194,
            "min": 0.000765,
            "med": 0.001992,
            "max": 47.724117,
            "p(90)": 0.003491,
            "p(95)": 0.004541399999999999
        },
        "vus": {
            "max": 200,
            "value": 200,
            "min": 200
        },
        "http_req_duration{expected_response:true}": {
            "min": 4.631641,
            "med": 80.292648,
            "max": 153.844087,
            "p(90)": 106.08919320000001,
            "p(95)": 114.9311988,
            "avg": 79.39763783756858
        },
        "vus_max": {
            "min": 200,
            "max": 200,
            "value": 200
        }
    }
}